plat,impl,nodes,ranks,threads,cores,thr,S,E
Apple M4 (dev.),serial,1,1,1,1,32362.8,1.0007277015145675,1.0007277015145675
Apple M4 (dev.),omp,1,1,1,1,32272.7,0.9979416148376897,0.9979416148376897
Apple M4 (dev.),omp,1,1,2,2,62965.4,1.947026215807821,0.9735131079039105
Apple M4 (dev.),omp,1,1,4,4,121352.0,3.752466042313885,0.9381165105784712
Apple M4 (dev.),omp,1,1,8,8,153602.0,4.7497057241042375,0.5937132155130297
Apple M4 (dev.),mpi,1,1,1,1,32199.3,0.9956719282440956,0.9956719282440956
Apple M4 (dev.),mpi,1,2,1,2,63353.9,1.9590394752303188,0.9795197376151594
Apple M4 (dev.),mpi,1,4,1,4,115106.0,3.5593262267336514,0.8898315566834128
Apple M4 (dev.),mpi,1,8,1,8,149568.0,4.624965727938585,0.5781207159923232
Apple M4 (dev.),hybrid,1,2,4,8,149834.0,4.6331910226783135,0.5791488778347892
